"","Age","Cause","Contribution","Period1","Period2","Sex","Country","Sources","e01","e02","Cause.name","Country.name","dif","e01","e02","dif"
"1",0,2,0.0229218150522711,"1990-1995","1995-2000",1,2020,"CEPAL2004",67.5505500468887,68.4255168709827,"Infectious","ARGENTINA",0.874966824093988,73.2037329215335,73.8777230763153,0.673990154781848
"253",0,2,0.0414122546684999,"1995-2000","2000-2005",1,2020,"CEPAL2004",68.4255168709827,69.2370949031109,"Infectious","ARGENTINA",0.811578032128224,73.8777230763153,74.6354726544213,0.757749578105944
"505",0,2,0.0101193737764125,"2000-2005","2005-2010",1,2020,"CEPAL2004",69.2370949031109,69.9959178613187,"Infectious","ARGENTINA",0.758822958207816,74.6354726544213,75.2352088345802,0.599736180158899
"757",0,2,0.00827605682693973,"2005-2010","2010-2015",1,2020,"CEPAL2004",69.9959178613187,70.6945892064061,"Infectious","ARGENTINA",0.698671345087419,75.2352088345802,75.7720369939377,0.536828159357569
"2017",0,2,0.199692629957701,"1995-2000","2000-2005",1,2060,"CEPAL2004",59.4374402376187,61.0365376834355,"Infectious","BOLIVIA",1.59909744581681,62.9369491380955,64.7186456410229,1.78169650292735
"2521",0,2,0.165802141588734,"1990-1995","1995-2000",1,2070,"CEPAL2004",62.3868195522475,63.9790234966069,"Infectious","BRAZIL",1.59220394435943,69.0966725021784,70.4012221371867,1.30454963500831
"2773",0,2,0.10706839397579,"1995-2000","2000-2005",1,2070,"CEPAL2004",63.9790234966069,65.3169839869652,"Infectious","BRAZIL",1.33796049035823,70.4012221371867,71.5032623362857,1.10204019909898
"3025",0,2,0.0514233295218669,"2000-2005","2005-2010",1,2070,"CEPAL2004",65.3169839869652,66.6419714650567,"Infectious","BRAZIL",1.32498747809154,71.5032623362857,72.3837009653594,0.880438629073709
"3277",0,2,0.0345345272605206,"2005-2010","2010-2015",1,2070,"CEPAL2004",66.6419714650567,67.6135550055846,"Infectious","BRAZIL",0.971583540527888,72.3837009653594,73.1926615632437,0.808960597884351
"4537",0,2,0.0115177493898512,"1990-1995","1995-2000",1,2120,"CEPAL2004",69.8973699365959,70.8315143366235,"Infectious","CHILE",0.934144400027591,74.2766304953282,75.1590356610449,0.882405165716776
"4789",0,2,0.0136883922983127,"1995-2000","2000-2005",1,2120,"CEPAL2004",70.8315143366235,72.2542393349034,"Infectious","CHILE",1.42272499827988,75.1590356610449,76.3449977740707,1.18596211302577
"5041",0,2,0.00707970002896124,"2000-2005","2005-2010",1,2120,"CEPAL2004",72.2542393349034,72.7785110259422,"Infectious","CHILE",0.524271691038834,76.3449977740707,76.7596895290431,0.414691754972395
"5293",0,2,0.0014175543186551,"2005-2010","2010-2015",1,2120,"CEPAL2004",72.7785110259422,73.2455842142784,"Infectious","CHILE",0.467073188336229,76.7596895290431,77.1367537778302,0.377064248787121
"6553",0,2,0.116359551988293,"1990-1995","1995-2000",1,2130,"CEPAL2004",62.7547224349714,65.5824586400538,"Infectious","COLOMBIA",2.82773620508246,70.1764141425883,71.200918584364,1.02450444177576
"6805",0,2,0.061111952798389,"1995-2000","2000-2005",1,2130,"CEPAL2004",65.5824586400538,67.4166629277724,"Infectious","COLOMBIA",1.83420428771855,71.200918584364,72.110787226421,0.909868642056935
"7057",0,2,0.0527419589903488,"2000-2005","2005-2010",1,2130,"CEPAL2004",67.4166629277724,68.5408033481907,"Infectious","COLOMBIA",1.1241404204183,72.110787226421,72.9108240108423,0.800036784421323
"7309",0,2,0.0306042192309398,"2005-2010","2010-2015",1,2130,"CEPAL2004",68.5408033481907,69.1305046506609,"Infectious","COLOMBIA",0.589701302470189,72.9108240108423,73.6054237075974,0.694599696755077
"8569",0,2,0.0127769836353729,"1990-1995","1995-2000",1,2140,"CEPAL2004",71.6998832135152,72.3154131813342,"Infectious","COSTA RICA",0.615529967819072,75.0917594071969,75.6913163023255,0.599556895128586
"8821",0,2,0.0179842193997678,"1995-2000","2000-2005",1,2140,"CEPAL2004",72.3154131813342,72.8660979655745,"Infectious","COSTA RICA",0.550684784240303,75.6913163023255,76.1852507603577,0.4939344580322
"9073",0,2,0.00950552883385078,"2000-2005","2005-2010",1,2140,"CEPAL2004",72.8660979655745,73.3419601466032,"Infectious","COSTA RICA",0.475862181028717,76.1852507603577,76.5752694311975,0.390018670839765
"9325",0,2,0.00537847580843433,"2005-2010","2010-2015",1,2140,"CEPAL2004",73.3419601466032,73.7629822391649,"Infectious","COSTA RICA",0.421022092561671,76.5752694311975,76.9188338459353,0.34356441473787
"10585",0,2,0.038335869855671,"1990-1995","1995-2000",1,2150,"CEPAL2004",71.4092120577874,71.9176375676955,"Infectious","CUBA",0.508425509908065,74.1936185918026,74.7022853345646,0.508666742761989
"10837",0,2,0.0225877648305757,"1995-2000","2000-2005",1,2150,"CEPAL2004",71.9176375676955,72.3800937316946,"Infectious","CUBA",0.462456163999121,74.7022853345646,75.1418615259881,0.439576191423498
"11089",0,2,-0.00208913117286282,"2000-2005","2005-2010",1,2150,"CEPAL2004",72.3800937316946,72.7872740749789,"Infectious","CUBA",0.40718034328431,75.1418615259881,75.5546362437914,0.412774717803316
"11341",0,2,0.00910044731911773,"2005-2010","2010-2015",1,2150,"CEPAL2004",72.7872740749789,73.1676356728898,"Infectious","CUBA",0.380361597910877,75.5546362437914,75.9359883462516,0.381352102460198
"12601",0,2,0.267828093157869,"1990-1995","1995-2000",1,2180,"CEPAL2004",65.6686647861403,67.3367560121554,"Infectious","ECUADOR",1.66809122601514,69.7670400446587,71.7733493260548,2.00630928139611
"12853",0,2,0.094387237564744,"1995-2000","2000-2005",1,2180,"CEPAL2004",67.3367560121554,68.6607675311952,"Infectious","ECUADOR",1.32401151903984,71.7733493260548,73.4053800923352,1.63203076628032
"13105",0,2,0.0774184794042323,"2000-2005","2005-2010",1,2180,"CEPAL2004",68.6607675311952,69.3687091486074,"Infectious","ECUADOR",0.707941617412146,73.4053800923352,73.977157643842,0.571777551506813
"13357",0,2,0.0368325118855416,"2005-2010","2010-2015",1,2180,"CEPAL2004",69.3687091486074,70.0405521190235,"Infectious","ECUADOR",0.671842970416165,73.977157643842,74.5229110824618,0.545753438619812
"14617",0,2,0.0813214800021018,"1990-1995","1995-2000",1,2190,"CEPAL2004",62.3966535086307,65.1801935339739,"Infectious","EL SALVADOR",2.78354002534317,68.767185061306,69.9036754100063,1.13649034870026
"14869",0,2,0.183735425629335,"1995-2000","2000-2005",1,2190,"CEPAL2004",65.1801935339739,66.1876281523482,"Infectious","EL SALVADOR",1.00743461837435,69.9036754100063,70.8509479087009,0.94727249869463
"15121",0,2,0.104731732085601,"2000-2005","2005-2010",1,2190,"CEPAL2004",66.1876281523482,67.1408559406555,"Infectious","EL SALVADOR",0.953227788307274,70.8509479087009,71.7358280079172,0.884880099216304
"15373",0,2,0.062382496316184,"2005-2010","2010-2015",1,2190,"CEPAL2004",67.1408559406555,68.0341476358566,"Infectious","EL SALVADOR",0.893291695201142,71.7358280079172,72.5410433627074,0.805215354790164
"16633",0,2,0.170721536081947,"1990-1995","1995-2000",1,2250,"CEPAL2004",59.6202836529526,61.6572800691305,"Infectious","GUATEMALA",2.03699641617787,65.1425665850384,67.9082067460509,2.76564016101258
"16885",0,2,0.166675210760534,"1995-2000","2000-2005",1,2250,"CEPAL2004",61.6572800691305,63.8498086701669,"Infectious","GUATEMALA",2.19252860103635,67.9082067460509,69.9102993661789,2.00209262012798
"17137",0,2,0.101213526956697,"2000-2005","2005-2010",1,2250,"CEPAL2004",63.8498086701669,64.944064128461,"Infectious","GUATEMALA",1.09425545829411,69.9102993661789,70.9005663930214,0.990267026842503
"17389",0,2,0.12844003290491,"2005-2010","2010-2015",1,2250,"CEPAL2004",64.944064128461,65.9887694855896,"Infectious","GUATEMALA",1.04470535712863,70.9005663930214,71.8316861348697,0.931119741848264
"18649",0,2,-0.034949369590451,"1995-2000","2000-2005",1,2270,"CEPAL2004",55.2161288224846,57.0136646663381,"Infectious","HAITI",1.79753584385355,57.8901889750924,59.6680488183461,1.7778598432537
"19153",0,2,0.784238728160688,"1990-1995","2005-2010",1,2280,"CEPAL2004",63.9647937325904,67.6201027846712,"Infectious","HONDURAS",3.65530905208084,67.774313124181,71.2037120016952,3.42939887751419
"19405",0,2,0.0228788728728375,"2005-2010","2010-2015",1,2280,"CEPAL2004",67.6201027846712,68.4613313011317,"Infectious","HONDURAS",0.841228516460433,71.2037120016952,71.967373628784,0.763661627088752
"20161",0,2,0.14656321277748,"1990-1995","1995-2000",1,2310,"CEPAL2004",66.6381022458258,67.4606561283946,"Infectious","MEXICO",0.822553882568826,71.5176183263495,72.2186899627065,0.701071636357
"20413",0,2,0.0485817742077817,"1995-2000","2000-2005",1,2310,"CEPAL2004",67.4606561283946,68.2431179123209,"Infectious","MEXICO",0.782461783926294,72.2186899627065,72.8796983547348,0.661008392028322
"20665",0,2,0.0328931850954741,"2000-2005","2005-2010",1,2310,"CEPAL2004",68.2431179123209,68.9751257623786,"Infectious","MEXICO",0.732007850057656,72.8796983547348,73.4991438670848,0.619445512349984
"20917",0,2,0.0222917419755905,"2005-2010","2010-2015",1,2310,"CEPAL2004",68.9751257623786,69.6578232821296,"Infectious","MEXICO",0.682697519751017,73.4991438670848,74.0663064143746,0.567162547289783
"22177",0,2,0.619325565494486,"1990-1995","1995-2000",1,2340,"CEPAL2004",62.4334039872151,64.3644155440873,"Infectious","NICARAGUA",1.93101155687216,67.0803375919672,68.5139328625069,1.43359527053974
"22429",0,2,0.263771520818423,"1995-2000","2000-2005",1,2340,"CEPAL2004",64.3644155440873,65.6619793123655,"Infectious","NICARAGUA",1.2975637682782,68.5139328625069,69.7158006000815,1.20186773757457
"22681",0,2,0.070249256050594,"2000-2005","2005-2010",1,2340,"CEPAL2004",65.6619793123655,66.938761111991,"Infectious","NICARAGUA",1.27678179962555,69.7158006000815,70.8792100096212,1.16340940953972
"22933",0,2,0.0656059340707213,"2005-2010","2010-2015",1,2340,"CEPAL2004",66.938761111991,67.9493875578767,"Infectious","NICARAGUA",1.01062644588562,70.8792100096212,71.7911364819196,0.911926472298305
"24193",0,2,0.173700850291001,"1990-1995","1995-2000",1,2360,"CEPAL2004",65.4577456817601,66.4581351210429,"Infectious","PARAGUAY",1.00038943928278,69.3818549272447,70.2665488987639,0.884693971519141
"24445",0,2,0.179023239961865,"1995-2000","2000-2005",1,2360,"CEPAL2004",66.4581351210429,67.3886024639503,"Infectious","PARAGUAY",0.930467342907377,70.2665488987639,71.0962170630711,0.82966816430725
"24697",0,2,0.149987297548647,"2000-2005","2005-2010",1,2360,"CEPAL2004",67.3886024639503,68.2560683247157,"Infectious","PARAGUAY",0.867465860765478,71.0962170630711,71.8673141258254,0.771097062754308
"24949",0,2,0.0545602133353656,"2005-2010","2010-2015",1,2360,"CEPAL2004",68.2560683247157,69.0746558434311,"Infectious","PARAGUAY",0.818587518715319,71.8673141258254,72.5880432819717,0.720729156146277
"26209",0,2,0.116137223583796,"1990-1995","1995-2000",1,2370,"CEPAL2004",63.1312467234015,64.4865845533734,"Infectious","PERU",1.35533782997192,67.2323011386433,68.5658378951146,1.33353675647133
"26461",0,2,0.00064166246959634,"1995-2000","2000-2005",1,2370,"CEPAL2004",64.4865845533734,65.7367737713208,"Infectious","PERU",1.25018921794745,68.5658378951146,69.7899700581374,1.2241321630228
"26713",0,2,-0.0239415337742399,"2000-2005","2005-2010",1,2370,"CEPAL2004",65.7367737713208,66.8974979094602,"Infectious","PERU",1.16072413813932,69.7899700581374,70.9108463018354,1.12087624369796
"26965",0,2,0.0590518056325852,"2005-2010","2010-2015",1,2370,"CEPAL2004",66.8974979094602,67.9557043220739,"Infectious","PERU",1.05820641261376,70.9108463018354,71.9161633992214,1.00531709738598
"28225",0,2,0.40322201459208,"1990-1995","1995-2000",1,2170,"CEPAL2004",63.8560645993961,65.2498558937895,"Infectious","DOMINICAN REPUBLIC",1.39379129439342,67.4800208003955,68.9789695451914,1.49894874479592
"28477",0,2,0.20396142071506,"1995-2000","2000-2005",1,2170,"CEPAL2004",65.2498558937895,66.4911292368851,"Infectious","DOMINICAN REPUBLIC",1.2412733430956,68.9789695451914,70.3005472385439,1.32157769335247
"28729",0,2,0.0758365680646585,"2000-2005","2005-2010",1,2170,"CEPAL2004",66.4911292368851,67.5916966744677,"Infectious","DOMINICAN REPUBLIC",1.10056743758255,70.3005472385439,71.4710922894015,1.17054505085758
"28981",0,2,0.0140232003779116,"2005-2010","2010-2015",1,2170,"CEPAL2004",67.5916966744677,68.5395866516568,"Infectious","DOMINICAN REPUBLIC",0.947889977189107,71.4710922894015,72.4874399744029,1.01634768500136
"30241",0,2,-0.000372883791855816,"1990-1995","1995-2000",1,2460,"CEPAL2004",68.0116043097245,68.9738258199382,"Infectious","URUGUAY",0.962221510213723,73.8249776131614,74.5071775256059,0.682199912444474
"30493",0,2,0.0330259030775578,"1995-2000","2000-2005",1,2460,"CEPAL2004",68.9738258199382,69.9059079850136,"Infectious","URUGUAY",0.932082165075386,74.5071775256059,75.1435320391122,0.636354513506376
"30745",0,2,0.0152246707662005,"2000-2005","2005-2010",1,2460,"CEPAL2004",69.9059079850136,70.7285635048045,"Infectious","URUGUAY",0.822655519790914,75.1435320391122,75.6672518293013,0.523719790189034
"30997",0,2,0.0147254475188422,"2005-2010","2010-2015",1,2460,"CEPAL2004",70.7285635048045,71.4647180569688,"Infectious","URUGUAY",0.736154552164322,75.6672518293013,76.146811908701,0.479560079399704
"32257",0,2,0.0233386294769083,"1990-1995","1995-2000",1,2020,"CEPAL2010",68.6177944530556,69.6661672442219,"Infectious","ARGENTINA",1.04837279116632,75.8129290963094,76.9606279546607,1.14769885835125
"32565",0,2,0.0422378624086203,"1995-2000","2000-2005",1,2020,"CEPAL2010",69.6661672442219,70.6155292454548,"Infectious","ARGENTINA",0.949362001232842,76.9606279546607,78.1014812707109,1.14085331605025
"32873",0,2,0.0103472398831982,"2000-2005","2005-2010",1,2020,"CEPAL2010",70.6155292454548,71.5701678393678,"Infectious","ARGENTINA",0.954638593913046,78.1014812707109,79.0601334033711,0.958652132660106
"33181",0,2,0.00848350501491777,"2005-2010","2010-2015",1,2020,"CEPAL2010",71.5701678393678,72.4643144193386,"Infectious","ARGENTINA",0.894146579970823,79.0601334033711,79.9403708498368,0.880237446465699
"34721",0,2,0.202240010162195,"1995-2000","2000-2005",1,2060,"CEPAL2010",60.0934721812851,61.8091570960114,"Infectious","BOLIVIA",1.71568491472634,64.0280279011211,65.9995850382196,1.97155713709847
"35337",0,2,0.17023959107756,"1990-1995","1995-2000",1,2070,"CEPAL2010",63.7243073444843,65.6827519366468,"Infectious","BRAZIL",1.95844459216249,71.4505218477851,73.3102213776833,1.85969952989825
"35645",0,2,0.110317353102211,"1995-2000","2000-2005",1,2070,"CEPAL2010",65.6827519366468,67.2910771959771,"Infectious","BRAZIL",1.60832525933023,73.3102213776833,74.8528017864205,1.54258040873712
"35953",0,2,0.0531161472690132,"2000-2005","2005-2010",1,2070,"CEPAL2010",67.2910771959771,68.8284749957698,"Infectious","BRAZIL",1.53739779979279,74.8528017864205,76.0469051587828,1.19410337236232
"36261",0,2,0.0357353048143655,"2005-2010","2010-2015",1,2070,"CEPAL2010",68.8284749957698,69.9576748913391,"Infectious","BRAZIL",1.12919989556926,76.0469051587828,77.16733074534,1.12042558655722
"37801",0,2,0.0118318892494912,"1990-1995","1995-2000",1,2120,"CEPAL2010",71.4601397279767,72.7608670505198,"Infectious","CHILE",1.30072732254308,77.3522994015201,78.7729876793499,1.42068827782977
"38109",0,2,0.0141711169745999,"1995-2000","2000-2005",1,2120,"CEPAL2010",72.7608670505198,74.7985721326064,"Infectious","CHILE",2.03770508208662,78.7729876793499,80.7687332574157,1.99574557806585
"38417",0,2,0.00734411595973912,"2000-2005","2005-2010",1,2120,"CEPAL2010",74.7985721326064,75.4923799648932,"Infectious","CHILE",0.693807832286794,80.7687332574157,81.4887163012324,0.719983043816711
"38725",0,2,0.00147325950637004,"2005-2010","2010-2015",1,2120,"CEPAL2010",75.4923799648932,76.1192310595071,"Infectious","CHILE",0.626851094613826,81.4887163012324,82.1532991310001,0.664582829767653
"40265",0,2,0.0883502541255074,"1990-1995","1995-2000",1,2130,"CEPAL2010",64.5416874703604,66.5411115765857,"Infectious","COLOMBIA",1.99942410622531,73.0359304075567,74.2277179402195,1.19178753266284
"40573",0,2,0.0491132295135846,"1995-2000","2000-2005",1,2130,"CEPAL2010",66.5411115765857,68.0407972245703,"Infectious","COLOMBIA",1.49968564798461,74.2277179402195,75.4261176977506,1.19839975753104
"40881",0,2,0.0367981944177936,"2000-2005","2005-2010",1,2130,"CEPAL2010",68.0407972245703,69.2439656428112,"Infectious","COLOMBIA",1.20316841824091,75.4261176977506,76.6212079879827,1.19509029023212
"41189",0,2,0.0272616062906393,"2005-2010","2010-2015",1,2130,"CEPAL2010",69.2439656428112,70.4383177140678,"Infectious","COLOMBIA",1.19435207125659,76.6212079879827,77.6153101432613,0.994102155278583
"42729",0,2,0.0132499754407849,"1990-1995","1995-2000",1,2140,"CEPAL2010",73.9660489966813,74.9891543415492,"Infectious","COSTA RICA",1.02310534486794,78.6001480793572,79.6664623844179,1.06631430506076
"43037",0,2,0.0187123547353867,"1995-2000","2000-2005",1,2140,"CEPAL2010",74.9891543415492,75.8122699310401,"Infectious","COSTA RICA",0.82311558949084,79.6664623844179,80.5374879369122,0.87102555249426
"43345",0,2,0.00990824186526249,"2000-2005","2005-2010",1,2140,"CEPAL2010",75.8122699310401,76.4448190166621,"Infectious","COSTA RICA",0.632549085622017,80.5374879369122,81.2136288405869,0.676140903674693
"43653",0,2,0.00561555485321921,"2005-2010","2010-2015",1,2140,"CEPAL2010",76.4448190166621,77.0097515664437,"Infectious","COSTA RICA",0.564932549781616,81.2136288405869,81.8229597072985,0.609330866711588
"45193",0,2,0.0755110650901576,"1990-1995","1995-2000",1,2150,"CEPAL2010",72.9404708626433,74.209954118781,"Infectious","CUBA",1.26948325613765,76.7383334795137,78.2335183203039,1.49518484079019
"45501",0,2,0.0458264173738363,"1995-2000","2000-2005",1,2150,"CEPAL2010",74.209954118781,75.2995318705948,"Infectious","CUBA",1.08957775181382,78.2335183203039,79.0865286598967,0.853010339592799
"45809",0,2,0.00286025420790456,"2000-2005","2005-2010",1,2150,"CEPAL2010",75.2995318705948,76.2304895654235,"Infectious","CUBA",0.930957694828734,79.0865286598967,80.3913937517473,1.30486509185059
"46117",0,2,0.00815222888634767,"2005-2010","2010-2015",1,2150,"CEPAL2010",76.2304895654235,77.024249311368,"Infectious","CUBA",0.793759745944428,80.3913937517473,81.1820482276932,0.790654475945871
"47657",0,2,0.277120641229579,"1990-1995","1995-2000",1,2180,"CEPAL2010",67.5729822436556,69.6619336513117,"Infectious","ECUADOR",2.08895140765603,72.6361940224231,75.112194591312,2.47600056888894
"47965",0,2,0.0980446857363959,"1995-2000","2000-2005",1,2180,"CEPAL2010",69.6619336513117,71.3116474953192,"Infectious","ECUADOR",1.64971384400756,75.112194591312,77.200898250645,2.08870365933299
"48273",0,2,0.0805097688760175,"2000-2005","2005-2010",1,2180,"CEPAL2010",71.3116474953192,72.1304228473906,"Infectious","ECUADOR",0.818775352071427,77.200898250645,78.0195605349235,0.818662284278474
"48581",0,2,0.0383455637270257,"2005-2010","2010-2015",1,2180,"CEPAL2010",72.1304228473906,72.913396059683,"Infectious","ECUADOR",0.782973212292319,78.0195605349235,78.8051365544087,0.785576019485163
"50121",0,2,0.111535360494352,"1990-1995","1995-2000",1,2190,"CEPAL2010",63.2559310592663,64.3516866247264,"Infectious","EL SALVADOR",1.09575556546005,72.835873491222,73.8755757071748,1.03970221595283
"50429",0,2,0.152039238890398,"1995-2000","2000-2005",1,2190,"CEPAL2010",64.3516866247264,65.406034008407,"Infectious","EL SALVADOR",1.05434738368068,73.8755757071748,74.8885929518027,1.01301724462782
"50737",0,2,0.0745667497168029,"2000-2005","2005-2010",1,2190,"CEPAL2010",65.406034008407,66.4344082263613,"Infectious","EL SALVADOR",1.02837421795428,74.8885929518027,75.8492197220347,0.960626770232025
"51045",0,2,0.0468944099221832,"2005-2010","2010-2015",1,2190,"CEPAL2010",66.4344082263613,67.4363388014277,"Infectious","EL SALVADOR",1.00193057506635,75.8492197220347,76.8397065131717,0.990486791137016
"52585",0,2,0.174132789697078,"1990-1995","1995-2000",1,2250,"CEPAL2010",60.521482826965,62.8812794510366,"Infectious","GUATEMALA",2.35979662407161,66.7904274993881,69.9911561356964,3.20072863630823
"52893",0,2,0.171046394418866,"1995-2000","2000-2005",1,2250,"CEPAL2010",62.8812794510366,65.5152206121081,"Infectious","GUATEMALA",2.63394116107151,69.9911561356964,72.5107406104018,2.51958447470544
"53201",0,2,0.104034868936216,"2000-2005","2005-2010",1,2250,"CEPAL2010",65.5152206121081,66.7462132550146,"Infectious","GUATEMALA",1.23099264290651,72.5107406104018,73.776798838365,1.2660582279632
"53509",0,2,0.132238941306168,"2005-2010","2010-2015",1,2250,"CEPAL2010",66.7462132550146,67.9335300758965,"Infectious","GUATEMALA",1.18731682088195,73.776798838365,74.9816419373443,1.2048430989793
"55049",0,2,0.0732541216501474,"1995-2000","2000-2005",1,2270,"CEPAL2010",55.212581372759,56.3890327647325,"Infectious","HAITI",1.17645139197345,58.6464811038116,59.8967700254646,1.250288921653
"55665",0,2,0.80841052672681,"1990-1995","2005-2010",1,2280,"CEPAL2010",65.4513012500026,69.6951440457443,"Infectious","HONDURAS",4.24384279574177,70.0763227759258,74.5442513441424,4.46792856821658
"55973",0,2,0.0236272364149747,"2005-2010","2010-2015",1,2280,"CEPAL2010",69.6951440457443,70.6931985942794,"Infectious","HONDURAS",0.99805454853508,74.5442513441424,75.5780459620477,1.03379461790539
"56897",0,2,0.16351692492468,"1990-1995","1995-2000",1,2310,"CEPAL2010",69.0432851007216,71.2763263944137,"Infectious","MEXICO",2.23304129369212,74.6269634857135,76.0731808153069,1.44621732959347
"57205",0,2,0.0689474858302282,"1995-2000","2000-2005",1,2310,"CEPAL2010",71.2763263944137,72.4402518380407,"Infectious","MEXICO",1.16392544362695,76.0731808153069,77.3636437270723,1.29046291176537
"57513",0,2,0.0348874833328953,"2000-2005","2005-2010",1,2310,"CEPAL2010",72.4402518380407,73.7513296157977,"Infectious","MEXICO",1.31107777775701,77.3636437270723,78.6013201664567,1.2376764393844
"57821",0,2,0.0213694439516615,"2005-2010","2010-2015",1,2310,"CEPAL2010",73.7513296157977,74.8620855280536,"Infectious","MEXICO",1.11075591225597,78.6013201664567,79.6542079948037,1.052887828347
"59361",0,2,0.665409683945551,"1990-1995","1995-2000",1,2340,"CEPAL2010",63.5424371102627,65.9074672420307,"Infectious","NICARAGUA",2.36503013176801,68.7145290040668,71.0720849969969,2.35755599293006
"59669",0,2,0.265032635772054,"1995-2000","2000-2005",1,2340,"CEPAL2010",65.9074672420307,67.9789508757958,"Infectious","NICARAGUA",2.0714836337651,71.0720849969969,73.8114141616589,2.73932916466197
"59977",0,2,0.0728288860945421,"2000-2005","2005-2010",1,2340,"CEPAL2010",67.9789508757958,69.9118577057347,"Infectious","NICARAGUA",1.93290682993883,73.8114141616589,75.9900766976155,2.17866253595662
"60285",0,2,0.0592698060063548,"2005-2010","2010-2015",1,2340,"CEPAL2010",69.9118577057347,71.515269020556,"Infectious","NICARAGUA",1.60341131482134,75.9900766976155,77.6174467177849,1.62737002016938
"61825",0,2,0.164756406719633,"1990-1995","1995-2000",1,2360,"CEPAL2010",66.3149552743947,67.2158928718725,"Infectious","PARAGUAY",0.900937597477778,70.8158444765854,71.7337317431767,0.917887266591308
"62133",0,2,0.200891017650954,"1995-2000","2000-2005",1,2360,"CEPAL2010",67.2158928718725,68.7137623641271,"Infectious","PARAGUAY",1.49786949225461,71.7337317431767,72.9309080797874,1.1971763366107
"62441",0,2,0.150818085264687,"2000-2005","2005-2010",1,2360,"CEPAL2010",68.7137623641271,69.7112609361457,"Infectious","PARAGUAY",0.997498572018614,72.9309080797874,73.9296682502761,0.998760170488708
"62749",0,2,0.0533045684400431,"2005-2010","2010-2015",1,2360,"CEPAL2010",69.7112609361457,70.71283649537,"Infectious","PARAGUAY",1.00157555922425,73.9296682502761,74.9270655100444,0.997397259768277
"64289",0,2,0.138384222670044,"1990-1995","1995-2000",1,2370,"CEPAL2010",64.411697469429,66.8106826060351,"Infectious","PERU",2.39898513660609,69.2119370538342,71.8770030375905,2.66506598375635
"64597",0,2,0.0350733707203033,"1995-2000","2000-2005",1,2370,"CEPAL2010",66.8106826060351,69.0208485305585,"Infectious","PERU",2.21016592452341,71.8770030375905,74.333599980903,2.45659694331248
"64905",0,2,-0.00441823507536764,"2000-2005","2005-2010",1,2370,"CEPAL2010",69.0208485305585,70.5185731922842,"Infectious","PERU",1.49772466172566,74.333599980903,75.876385978588,1.54278599768497
"65213",0,2,0.0373960850709078,"2005-2010","2010-2015",1,2370,"CEPAL2010",70.5185731922842,71.5547723808322,"Infectious","PERU",1.0361991885481,75.876385978588,76.8380197663929,0.961633787804942
"66753",0,2,0.402042918800594,"1990-1995","1995-2000",1,2170,"CEPAL2010",66.388601116601,67.1903042279084,"Infectious","DOMINICAN REPUBLIC",0.801703111307447,71.823414081273,73.0548439526611,1.23142987138807
"67061",0,2,0.212655781415819,"1995-2000","2000-2005",1,2170,"CEPAL2010",67.1903042279084,68.0662922003508,"Infectious","DOMINICAN REPUBLIC",0.87598797244236,73.0548439526611,74.2585401619382,1.20369620927713
"67369",0,2,0.079770033741393,"2000-2005","2005-2010",1,2170,"CEPAL2010",68.0662922003508,69.1416396889018,"Infectious","DOMINICAN REPUBLIC",1.07534748855099,74.2585401619382,75.3563401308104,1.09779996887218
"67677",0,2,0.0158032380572801,"2005-2010","2010-2015",1,2170,"CEPAL2010",69.1416396889018,70.120471405165,"Infectious","DOMINICAN REPUBLIC",0.978831716263272,75.3563401308104,76.356288598964,0.999948468153576
"69217",0,2,0.0124669169375405,"1990-1995","1995-2000",1,2460,"CEPAL2010",69.2307292128183,70.4623831792813,"Infectious","URUGUAY",1.23165396646306,76.9256776608056,77.9943528231265,1.06867516232087
"69525",0,2,0.018862980787774,"1995-2000","2000-2005",1,2460,"CEPAL2010",70.4623831792813,71.6039276030108,"Infectious","URUGUAY",1.14154442372946,77.9943528231265,78.9409855585438,0.946632735417296
"69833",0,2,0.016742989239597,"2000-2005","2005-2010",1,2460,"CEPAL2010",71.6039276030108,72.7677763750715,"Infectious","URUGUAY",1.16384877206069,78.9409855585438,79.8604133629966,0.919427804452809
"70141",0,2,0.0165065964092362,"2005-2010","2010-2015",1,2460,"CEPAL2010",72.7677763750715,73.7307581885979,"Infectious","URUGUAY",0.96298181352644,79.8604133629966,80.6298276124481,0.769414249451572
"71681",0,2,0.0352095732583551,"1990-1995","1995-2000",1,2150,"UN",72.184832934236,73.3408680039416,"Infectious","CUBA",1.15603506970557,75.5045308002575,76.8024285249118,1.29789772465428
"71947",0,2,0.0331122022835483,"1995-2000","2000-2005",1,2150,"UN",73.3408680039416,74.3124565869666,"Infectious","CUBA",0.971588583025053,76.8024285249118,77.523051662611,0.720623137699192
"72213",0,2,-0.000120774248956913,"2000-2005","2005-2010",1,2150,"UN",74.3124565869666,75.2100412024972,"Infectious","CUBA",0.897584615530576,77.523051662611,78.3103428878413,0.787291225230305
"72479",0,2,0.00653915676479249,"2005-2010","2010-2015",1,2150,"UN",75.2100412024972,75.5609292177652,"Infectious","CUBA",0.350888015268012,78.3103428878413,78.6762811628713,0.36593827502999
"73809",0,2,0.395144475041424,"1990-1995","1995-2000",1,2170,"UN",65.2498722945725,66.043651252503,"Infectious","DOMINICAN REPUBLIC",0.793778957930442,70.3251200831051,71.3845350193028,1.05941493619771
"74075",0,2,0.20903390861114,"1995-2000","2000-2005",1,2170,"UN",66.043651252503,66.9124307794704,"Infectious","DOMINICAN REPUBLIC",0.868779526967415,71.3845350193028,72.4188393855464,1.03430436624359
"74341",0,2,0.0783665972679555,"2000-2005","2005-2010",1,2170,"UN",66.9124307794704,67.9300201649142,"Infectious","DOMINICAN REPUBLIC",1.01758938544378,72.4188393855464,73.3726182702934,0.953778884747038
"74607",0,2,0.0155167143192913,"2005-2010","2010-2015",1,2170,"UN",67.9300201649142,68.8534256042813,"Infectious","DOMINICAN REPUBLIC",0.92340543936713,73.3726182702934,74.2339447257596,0.861326455466184
"75937",0,2,0.0732228155009114,"1995-2000","2000-2005",1,2270,"UN",55.202618151166,56.3651411836448,"Infectious","HAITI",1.16252303247879,58.6092961103962,59.8422636630985,1.2329675527023
"76469",0,2,0.234100372370142,"1990-1995","1995-2000",1,2290,"UN",68.8055972471844,68.647132282611,"Infectious","JAMAICA",-0.158464964573469,73.2948979947226,73.5256713003999,0.230773305677346
"76735",0,2,-0.00388815698908228,"1995-2000","2000-2005",1,2290,"UN",68.647132282611,69.244860433314,"Infectious","JAMAICA",0.59772815070302,73.5256713003999,74.1464236540704,0.620752353670454
"77001",0,2,-0.0231623788699265,"2000-2005","2005-2010",1,2290,"UN",69.244860433314,70.7630446273055,"Infectious","JAMAICA",1.51818419399153,74.1464236540704,75.1701431039934,1.02371944992301
"77267",0,2,0.0170065110919783,"2005-2010","2010-2015",1,2290,"UN",70.7630446273055,71.998585914452,"Infectious","JAMAICA",1.23554128714652,75.1701431039934,76.0270062971978,0.85686319320439
"78597",0,2,-0.0162113135081559,"1990-1995","1995-2000",1,2380,"UN",68.6062600718162,69.4896598691856,"Infectious","PUERTO RICO",0.883399797369364,77.0534741442452,77.646218997128,0.592744852882731
"78863",0,2,0.00752675445393223,"1995-2000","2000-2005",1,2380,"UN",69.4896598691856,71.675903660752,"Infectious","PUERTO RICO",2.18624379156645,77.646218997128,78.6181058353476,0.971886838219675
"79129",0,2,-0.00133356561799745,"2000-2005","2005-2010",1,2380,"UN",71.675903660752,72.7145860632034,"Infectious","PUERTO RICO",1.03868240245134,78.6181058353476,79.2748532454232,0.656747410075511
"79395",0,2,-0.00725539734232176,"2005-2010","2010-2015",1,2380,"UN",72.7145860632034,73.9696720941743,"Infectious","PUERTO RICO",1.25508603097089,79.2748532454232,80.2097483380205,0.93489509259733
"80725",0,2,0.00104503743135389,"1990-1995","1995-2000",1,2440,"UN",65.1665435103574,64.7968040621358,"Infectious","TRINIDAD AND TOBAGO",-0.36973944822158,70.5871900134466,71.3192362130284,0.732046199581788
"80991",0,2,-0.00573870413338397,"1995-2000","2000-2005",1,2440,"UN",64.7968040621358,64.8932124975598,"Infectious","TRINIDAD AND TOBAGO",0.09640843542401,71.3192362130284,71.6923339477649,0.373097734736433
"81257",0,2,-0.0230384422658767,"2000-2005","2005-2010",1,2440,"UN",64.8932124975598,65.5853106499372,"Infectious","TRINIDAD AND TOBAGO",0.692098152377383,71.6923339477649,72.0651921847009,0.372858236936082
"81523",0,2,0.00910521270335577,"2005-2010","2010-2015",1,2440,"UN",65.5853106499372,66.5526541184236,"Infectious","TRINIDAD AND TOBAGO",0.967343468486405,72.0651921847009,72.8212473663002,0.75605518159928
"82853",0,2,0.0114705940681109,"1990-1995","1995-2000",1,2140,"UN",72.7564042429218,73.614988814782,"Infectious","COSTA RICA",0.858584571860177,76.9558453586539,77.6151606419112,0.659315283257342
"83119",0,2,0.0193589997891879,"1995-2000","2000-2005",1,2140,"UN",73.614988814782,74.2491427547377,"Infectious","COSTA RICA",0.634153939955709,77.6151606419112,78.1697805978603,0.554619955949079
"83385",0,2,0.0105657736508945,"2000-2005","2005-2010",1,2140,"UN",74.2491427547377,74.677541627268,"Infectious","COSTA RICA",0.428398872530295,78.1697805978603,78.6142602688242,0.444479670963901
"83651",0,2,0.00563663994738616,"2005-2010","2010-2015",1,2140,"UN",74.677541627268,75.1501605226294,"Infectious","COSTA RICA",0.472618895361407,78.6142602688242,79.1750563518344,0.56079608301016
"84981",0,2,0.130426034157697,"1990-1995","1995-2000",1,2190,"UN",61.365666619235,63.239928749221,"Infectious","EL SALVADOR",1.87426212998596,70.1165774535048,71.8693464321904,1.75276897868562
"85247",0,2,0.167315928884529,"1995-2000","2000-2005",1,2190,"UN",63.239928749221,64.5512856828623,"Infectious","EL SALVADOR",1.31135693364126,71.8693464321904,73.2044725592902,1.3351261270998
"85513",0,2,0.0815457017407151,"2000-2005","2005-2010",1,2190,"UN",64.5512856828623,65.8049139305932,"Infectious","EL SALVADOR",1.25362824773093,73.2044725592902,74.4401903565537,1.23571779726342
"85779",0,2,0.0601497464191755,"2005-2010","2010-2015",1,2190,"UN",65.8049139305932,67.1049904810801,"Infectious","EL SALVADOR",1.30007655048686,74.4401903565537,75.583215981324,1.14302562477032
"87109",0,2,0.17305147945873,"1990-1995","1995-2000",1,2250,"UN",60.2421187380083,62.4932921558333,"Infectious","GUATEMALA",2.25117341782495,66.1931158787871,69.2183280443985,3.02521216561144
"87375",0,2,0.169524361518456,"1995-2000","2000-2005",1,2250,"UN",62.4932921558333,64.9353292219262,"Infectious","GUATEMALA",2.44203706609289,69.2183280443985,71.4764566567551,2.25812861235656
"87641",0,2,0.10301228333498,"2000-2005","2005-2010",1,2250,"UN",64.9353292219262,66.0930305634188,"Infectious","GUATEMALA",1.15770134149265,71.4764566567551,72.5746816689544,1.09822501219932
"87907",0,2,0.13081270772481,"2005-2010","2010-2015",1,2250,"UN",66.0930305634188,67.2034037952316,"Infectious","GUATEMALA",1.11037323181282,72.5746816689544,73.6086921677723,1.03401049881792
"89237",0,2,0.791377601995689,"1990-1995","2005-2010",1,2280,"UN",64.934513857707,68.6015234237955,"Infectious","HONDURAS",3.66700956608848,69.1787242178154,72.8399409543454,3.66121673653002
"89503",0,2,0.0206600933279716,"2005-2010","2010-2015",1,2280,"UN",68.6015234237955,69.3272193349822,"Infectious","HONDURAS",0.725695911186747,72.8399409543454,73.5727174518694,0.732776497523972
"90301",0,2,0.161532094194679,"1990-1995","1995-2000",1,2310,"UN",68.2712430486116,70.4141588106672,"Infectious","MEXICO",2.14291576205568,73.3537192209442,74.729101349414,1.37538212846971
"90567",0,2,0.0680839843451544,"1995-2000","2000-2005",1,2310,"UN",70.4141588106672,71.5355806650281,"Infectious","MEXICO",1.12142185436082,74.729101349414,75.8989947353101,1.1698933858961
"90833",0,2,0.0209215988318285,"2000-2005","2005-2010",1,2310,"UN",71.5355806650281,71.9887332585451,"Infectious","MEXICO",0.45315259351699,75.8989947353101,76.1456189605126,0.246624225202524
"91099",0,2,0.0161457150962233,"2005-2010","2010-2015",1,2310,"UN",71.9887332585451,72.5978054082934,"Infectious","MEXICO",0.6090721497483,76.1456189605126,76.7340358416157,0.588416881103115
"92429",0,2,0.660207310730839,"1990-1995","1995-2000",1,2340,"UN",63.1943269916241,65.3947894960724,"Infectious","NICARAGUA",2.20046250444832,68.156664758376,70.2340261265401,2.07736136816409
"92695",0,2,0.261860046907052,"1995-2000","2000-2005",1,2340,"UN",65.3947894960724,67.1682165170679,"Infectious","NICARAGUA",1.77342702099548,70.2340261265401,72.4490592410336,2.21503311449347
"92961",0,2,0.06016329886744,"2000-2005","2005-2010",1,2340,"UN",67.1682165170679,68.7460010674878,"Infectious","NICARAGUA",1.57778455041989,72.4490592410336,74.0486764734869,1.59961723245333
"93227",0,2,0.0646250714488505,"2005-2010","2010-2015",1,2340,"UN",68.7460010674878,70.1804727522902,"Infectious","NICARAGUA",1.43447168480242,74.0486764734869,75.3301229097955,1.28144643630858
"94557",0,2,0.023203534522563,"1990-1995","1995-2000",1,2020,"UN",68.2930823628949,69.2640563871489,"Infectious","ARGENTINA",0.970974024253977,74.8305342460154,75.6845559973876,0.854021751372244
"94823",0,2,0.0419540524952005,"1995-2000","2000-2005",1,2020,"UN",69.2640563871489,70.1416803310799,"Infectious","ARGENTINA",0.877623943931027,75.6845559973876,76.567560432065,0.883004434677375
"95089",0,2,0.00578055100150069,"2000-2005","2005-2010",1,2020,"UN",70.1416803310799,70.7839300290613,"Infectious","ARGENTINA",0.642249697981342,76.567560432065,77.1460893630971,0.578528931032068
"95355",0,2,0.00705707605570334,"2005-2010","2010-2015",1,2020,"UN",70.7839300290613,71.4990954555203,"Infectious","ARGENTINA",0.71516542645908,77.1460893630971,77.734671645523,0.58858228242589
"96685",0,2,0.222033581620963,"1995-2000","2000-2005",1,2060,"UN",57.1618103894146,59.681526442051,"Infectious","BOLIVIA",2.51971605263632,60.9003779971196,63.6307314041274,2.73035340700782
"97217",0,2,0.159824890787036,"1990-1995","1995-2000",1,2070,"UN",62.4477569916981,64.8012756879212,"Infectious","BRAZIL",2.35351869622313,69.8555403666732,72.0585222730182,2.20298190634499
"97483",0,2,0.103459597906557,"1995-2000","2000-2005",1,2070,"UN",64.8012756879212,66.8363002653368,"Infectious","BRAZIL",2.03502457741561,72.0585222730182,73.8535572057499,1.7950349327317
"97749",0,2,0.055992046051346,"2000-2005","2005-2010",1,2070,"UN",66.8363002653368,68.2383998254408,"Infectious","BRAZIL",1.40209956010401,73.8535572057499,75.0492537459751,1.19569654022517
"98015",0,2,0.0370740217053797,"2005-2010","2010-2015",1,2070,"UN",68.2383998254408,69.579591339776,"Infectious","BRAZIL",1.34119151433518,75.0492537459751,76.1510088053831,1.10175505940805
"99345",0,2,0.0292388359314138,"1990-1995","1995-2000",1,2120,"UN",69.8741540456334,71.8341731884208,"Infectious","CHILE",1.96001914278743,75.611074207025,77.1901983568662,1.57912414984128
"99611",0,2,0.0176364122146666,"1995-2000","2000-2005",1,2120,"UN",71.8341731884208,73.4613569648881,"Infectious","CHILE",1.62718377646729,77.1901983568662,78.533759155099,1.34356079823279
"99877",0,2,0.0103253744943868,"2000-2005","2005-2010",1,2120,"UN",73.4613569648881,74.8462750977961,"Infectious","CHILE",1.38491813290804,78.533759155099,79.5936170356977,1.0598578805987
"100143",0,2,0.00118807135951734,"2005-2010","2010-2015",1,2120,"UN",74.8462750977961,76.033588610161,"Infectious","CHILE",1.18731351236484,79.5936170356977,80.4832038054211,0.889586769723365
"101473",0,2,0.0876756598794824,"1990-1995","1995-2000",1,2130,"UN",64.1586064543697,66.0347333506796,"Infectious","COLOMBIA",1.87612689630996,72.2217284742869,73.241875150396,1.02014667610912
"101739",0,2,0.048671678586416,"1995-2000","2000-2005",1,2130,"UN",66.0347333506796,67.4308470448368,"Infectious","COLOMBIA",1.39611369415718,73.241875150396,74.2487838385313,1.00690868813527
"102005",0,2,0.0361736406527361,"2000-2005","2005-2010",1,2130,"UN",67.4308470448368,68.3930666031054,"Infectious","COLOMBIA",0.962219558268629,74.2487838385313,75.0978470277784,0.849063189247175
"102271",0,2,0.0224693689081018,"2005-2010","2010-2015",1,2130,"UN",68.3930666031054,69.2439099755816,"Infectious","COLOMBIA",0.850843372476149,75.0978470277784,75.6953898570426,0.597542829264128
"103601",0,2,0.252387100083836,"1990-1995","1995-2000",1,2180,"UN",66.6842424811098,67.8214611802644,"Infectious","ECUADOR",1.13721869915457,71.626359750149,73.1937078618274,1.56734811167838
"103867",0,2,0.0939906446508496,"1995-2000","2000-2005",1,2180,"UN",67.8214611802644,69.101831251932,"Infectious","ECUADOR",1.2803700716676,73.1937078618274,74.5770637081979,1.38335584637055
"104133",0,2,0.084637941852312,"2000-2005","2005-2010",1,2180,"UN",69.101831251932,70.5116848925126,"Infectious","ECUADOR",1.40985364058061,74.5770637081979,75.6727011465774,1.09563743837943
"104399",0,2,0.037132433033373,"2005-2010","2010-2015",1,2180,"UN",70.5116848925126,71.5948854966318,"Infectious","ECUADOR",1.08320060411921,75.6727011465774,76.4568392391106,0.784138092533226
"105729",0,2,0.163513266913973,"1990-1995","1995-2000",1,2360,"UN",65.9140224124083,66.7112908004215,"Infectious","PARAGUAY",0.797268388013194,70.1440498306063,70.9244562662782,0.780406435671907
"105995",0,2,0.198979847195879,"1995-2000","2000-2005",1,2360,"UN",66.7112908004215,68.0630337080815,"Infectious","PARAGUAY",1.35174290766,70.9244562662782,71.9282066954629,1.00375042918471
"106261",0,2,0.149229047803137,"2000-2005","2005-2010",1,2360,"UN",68.0630337080815,68.9797956759942,"Infectious","PARAGUAY",0.916761967912763,71.9282066954629,72.7817877083197,0.853581012856836
"106527",0,2,0.0526854665670447,"2005-2010","2010-2015",1,2360,"UN",68.9797956759942,69.8945870326205,"Infectious","PARAGUAY",0.91479135662631,72.7817877083197,73.6234177964078,0.84163008808801
"107857",0,2,0.137202087022712,"1990-1995","1995-2000",1,2370,"UN",63.9555344940548,66.2612157046508,"Infectious","PERU",2.30568121059595,68.4410664283737,70.9250408482446,2.48397441987085
"108123",0,2,0.0347842954035713,"1995-2000","2000-2005",1,2370,"UN",66.2612157046508,68.3776436152088,"Infectious","PERU",2.116427910558,70.9250408482446,73.1921781590868,2.26713731084222
"108389",0,2,-0.00437026050977832,"2000-2005","2005-2010",1,2370,"UN",68.3776436152088,69.7551638627614,"Infectious","PERU",1.37752024755267,73.1921781590868,74.4885834644888,1.29640530540202
"108655",0,2,0.0369463572442717,"2005-2010","2010-2015",1,2370,"UN",69.7551638627614,70.6958404520217,"Infectious","PERU",0.940676589260292,74.4885834644888,75.2779928045787,0.78940934008989
"109985",0,2,0.0123778560962264,"1990-1995","1995-2000",1,2460,"UN",68.7996881931922,69.9595030936739,"Infectious","URUGUAY",1.15981490048178,75.6082366965449,76.488688050842,0.880451354297122
"110251",0,2,0.0187204196940627,"1995-2000","2000-2005",1,2460,"UN",69.9595030936739,71.0633817875864,"Infectious","URUGUAY",1.10387869391243,76.488688050842,77.3091329393572,0.820444888515226
"110517",0,2,0.0153626575061582,"2000-2005","2005-2010",1,2460,"UN",71.0633817875864,71.8898872064637,"Infectious","URUGUAY",0.826505418877375,77.3091329393572,77.322707442066,0.0135745027087921
"110783",0,2,0.0146499638673461,"2005-2010","2010-2015",1,2460,"UN",71.8898872064637,72.5191576412851,"Infectious","URUGUAY",0.629270434821379,77.322707442066,77.8416894600823,0.518982018016274
"112113",0,2,0.0500690687593362,"1996","2005",1,2020,"Lambda",67.5470787195364,69.4111263121003,"Infectious","ARGENTINA",1.86404759256394,74.1601213147126,75.4428780273991,1.28275671268651
"112645",0,2,0.0641869222619661,"1991","2006",1,2150,"Lambda",70.9766830954886,73.1637971815056,"Infectious","CUBA",2.18711408601695,74.1838778220849,76.5755076167194,2.39162979463443
"113177",0,2,0.0510023863843922,"2000","2008",1,2370,"Lambda",66.1787735388143,69.1360326365529,"Infectious","PERU",2.95725909773854,70.2824628043898,72.8578198460523,2.57535704166251
"113709",0,2,0.220141571809662,"1995","2005",1,2070,"Lambda",64.3612587995195,67.591751701186,"Infectious","BRAZIL",3.23049290166645,70.8000467928385,73.6675094415084,2.86746264866983
"114241",0,2,0.278241095566591,"1997","2006",1,2170,"Lambda",65.9003360971125,67.6317950248009,"Infectious","DOMINICAN REPUBLIC",1.73145892768842,71.1755583941165,72.6411151089652,1.46555671484876
"114773",0,2,0.148500707262065,"1995","2005",1,2310,"Lambda",66.7066037915545,69.6968060158405,"Infectious","MEXICO",2.99020222428601,71.9442539683994,74.118476334066,2.17422236566662
"115305",0,2,0.0449743823798456,"1990","2000",1,2460,"Lambda",67.4057702289164,68.7408721192464,"Infectious","URUGUAY",1.33510189032994,73.7777753232121,75.1404241434668,1.36264882025469
"115571",0,2,0.0138897139198466,"2000","2007",1,2460,"Lambda",68.7408721192464,70.1541074587041,"Infectious","URUGUAY",1.41323533945778,75.1404241434668,76.106948176521,0.966524033054171
"116369",0,2,0.0279890775823328,"1997","2006",1,2120,"Lambda",70.2687094788007,72.3402381481769,"Infectious","CHILE",2.07152866937622,75.6512788645599,77.3429380836778,1.69165921911788
"116901",0,2,0.196157918564055,"1995","2005",1,2180,"Lambda",65.9040431094522,69.3422555665412,"Infectious","ECUADOR",3.43821245708892,70.9818033340667,74.3445012869176,3.36269795285095
"117433",0,2,0.138138028026962,"2000","2007",1,2340,"Lambda",64.6143754938338,65.7742014213122,"Infectious","NICARAGUA",1.15982592747838,69.3649374953678,70.7078736555496,1.34293616018185
"117965",0,2,0.0603784489775214,"1999","2008",1,2130,"Lambda",65.94961475479,69.0626322831316,"Infectious","COLOMBIA",3.11301752834154,72.7469845465182,75.0430666573964,2.29608211087819
"118497",0,2,0.233741368969927,"1999","2008",1,2190,"Lambda",61.1475143215502,62.8214449004135,"Infectious","EL SALVADOR",1.67393057886321,70.6137795815649,72.3793784314147,1.76559884984979
"119029",0,2,0.0147909708917017,"1992","2005",1,2140,"Lambda",71.4628011192538,72.917303688854,"Infectious","COSTA RICA",1.45450256960018,75.4832868764638,77.2877951105568,1.80450823409295
"119561",0,2,0.245317717576902,"1998","2005",1,2250,"Lambda",61.1829569470106,64.1125456202102,"Infectious","GUATEMALA",2.92958867319963,66.9591967728931,69.3151719582245,2.35597518533136
"120093",0,2,0.318508254098511,"1997","2006",1,2360,"Lambda",65.1255119049184,68.0230547832519,"Infectious","PARAGUAY",2.89754287833351,69.0610440287155,71.8832276663654,2.82218363764993
